VARIANT_ID	CHROM	LOCUS	COL	STRANDS	POS	FILTERS	MARKERS	REF	ALT	M_SEQ
53	scaffold36	314	23	+	1752	filter.monomorphic	scaffold36__314__1752	C	A	53
54	scaffold36	314	25	+	1754	filter.monomorphic	scaffold36__314__1754	C	T	54
55	scaffold36	314	26	+	1755	filter.monomorphic	scaffold36__314__1755	G	A	55
56	scaffold36	314	35	+	1764	filter.monomorphic	scaffold36__314__1764	A	C	56
57	scaffold36	314	44	+	1773	filter.monomorphic	scaffold36__314__1773	C	G	57
58	scaffold36	314	60	+	1789	filter.monomorphic	scaffold36__314__1789	A	G	58
59	scaffold36	314	65	+	1794	filter.monomorphic	scaffold36__314__1794	C	T	59
60	scaffold36	314	67	+	1796	filter.monomorphic	scaffold36__314__1796	A	G	60
61	scaffold36	314	90	+	1819	filter.monomorphic	scaffold36__314__1819	C	T	61
62	scaffold36	314	93	+	1822	filter.monomorphic	scaffold36__314__1822	G	T	62
63	scaffold36	314	110	+	1839	filter.monomorphic	scaffold36__314__1839	A	G	63
140	scaffold69	882	65	-	7006	filter.monomorphic	scaffold69__882__7006	T	A	140
141	scaffold69	882	64	-	7007	filter.monomorphic	scaffold69__882__7007	T	G	141
142	scaffold69	882	63	-	7008	filter.monomorphic	scaffold69__882__7008	C	A	142
143	scaffold69	882	59	-	7012	filter.monomorphic	scaffold69__882__7012	G	A	143
144	scaffold69	882	53	-	7018	filter.monomorphic	scaffold69__882__7018	T	C	144
145	scaffold69	882	42	-	7029	filter.monomorphic	scaffold69__882__7029	C	A	145
146	scaffold69	882	16	-	7055	filter.monomorphic	scaffold69__882__7055	T	C	146
147	scaffold69	882	13	-	7058	filter.monomorphic	scaffold69__882__7058	T	C	147
179	scaffold84	1146	22	+	47992	filter.monomorphic	scaffold84__1146__47992	A	G	179
180	scaffold84	1146	31	+	48001	filter.monomorphic	scaffold84__1146__48001	A	G	180
181	scaffold84	1146	38	+	48008	filter.monomorphic	scaffold84__1146__48008	A	G	181
183	scaffold84	1146	96	+	48066	filter.monomorphic	scaffold84__1146__48066	A	G	183
184	scaffold84	1153	36	+	54892	filter.monomorphic	scaffold84__1153__54892	A	G	184
185	scaffold84	1153	40	+	54896	filter.monomorphic	scaffold84__1153__54896	G	T	185
186	scaffold84	1153	73	+	54929	filter.monomorphic	scaffold84__1153__54929	A	G	186
187	scaffold84	1153	122	+	54978	filter.monomorphic	scaffold84__1153__54978	A	G	187
218	scaffold93	1425	117	-	135840	filter.monomorphic	scaffold93__1425__135840	G	A	218
219	scaffold93	1425	114	-	135843	filter.monomorphic	scaffold93__1425__135843	G	A	219
220	scaffold93	1425	70	-	135887	filter.monomorphic	scaffold93__1425__135887	G	A	220
222	scaffold98	1483	96	-	4178	filter.monomorphic	scaffold98__1483__4178	C	A	222
229	scaffold107	1611	23	+	13261	filter.monomorphic	scaffold107__1611__13261	C	T	229
230	scaffold107	1611	27	+	13265	filter.monomorphic	scaffold107__1611__13265	A	C	230
231	scaffold107	1611	29	+	13267	filter.monomorphic	scaffold107__1611__13267	C	G	231
233	scaffold107	1611	61	+	13299	filter.monomorphic	scaffold107__1611__13299	C	T	233
235	scaffold107	1611	94	+	13332	filter.monomorphic	scaffold107__1611__13332	C	G	235
236	scaffold107	1611	107	+	13345	filter.monomorphic	scaffold107__1611__13345	C	T	236
237	scaffold107	1611	109	+	13347	filter.monomorphic	scaffold107__1611__13347	C	T	237
249	scaffold112	1710	83	-	7756	filter.monomorphic	scaffold112__1710__7756	G	A	249
250	scaffold112	1710	72	-	7767	filter.monomorphic	scaffold112__1710__7767	T	C	250
251	scaffold112	1710	56	-	7783	filter.monomorphic	scaffold112__1710__7783	T	C	251
252	scaffold112	1710	21	-	7818	filter.monomorphic	scaffold112__1710__7818	G	A	252
253	scaffold112	1710	16	-	7823	filter.monomorphic	scaffold112__1710__7823	G	A	253
254	scaffold112	1710	13	-	7826	filter.monomorphic	scaffold112__1710__7826	C	A	254
255	scaffold112	1710	12	-	7827	filter.monomorphic	scaffold112__1710__7827	G	A	255
291	scaffold117	1900	13	+	22540	filter.monomorphic	scaffold117__1900__22540	A	G	291
292	scaffold117	1900	36	+	22563	filter.monomorphic	scaffold117__1900__22563	G	T	292
293	scaffold117	1900	42	+	22569	filter.monomorphic	scaffold117__1900__22569	A	G	293
294	scaffold117	1900	50	+	22577	filter.monomorphic	scaffold117__1900__22577	A	T	294
295	scaffold117	1900	53	+	22580	filter.monomorphic	scaffold117__1900__22580	A	T	295
296	scaffold117	1900	56	+	22583	filter.monomorphic	scaffold117__1900__22583	A	T	296
297	scaffold117	1900	72	+	22599	filter.monomorphic	scaffold117__1900__22599	C	T	297
298	scaffold117	1900	77	+	22604	filter.monomorphic	scaffold117__1900__22604	C	T	298
330	scaffold134	2093	110	-	11446	filter.monomorphic	scaffold134__2093__11446	C	A	330
331	scaffold134	2093	88	-	11468	filter.monomorphic	scaffold134__2093__11468	G	A	331
358	scaffold147	2250	125	+	14909	filter.monomorphic	scaffold147__2250__14909	A	C	358
360	scaffold147	2262	132	-	33122	filter.monomorphic	scaffold147__2262__33122	T	G	360
443	scaffold162	2691	51	+	36047	filter.monomorphic	scaffold162__2691__36047	C	T	443
567	scaffold193	3484	11	-	10497	filter.monomorphic	scaffold193__3484__10497	G	A	567
595	scaffold219	3759	117	-	10458	filter.monomorphic	scaffold219__3759__10458	C	G	595
596	scaffold219	3759	114	-	10461	filter.monomorphic	scaffold219__3759__10461	A	G	596
597	scaffold219	3759	105	-	10470	filter.monomorphic	scaffold219__3759__10470	C	T	597
598	scaffold219	3759	87	-	10488	filter.monomorphic	scaffold219__3759__10488	C	G	598
599	scaffold219	3759	78	-	10497	filter.monomorphic	scaffold219__3759__10497	C	T	599
600	scaffold219	3759	75	-	10500	filter.monomorphic	scaffold219__3759__10500	A	G	600
601	scaffold219	3759	66	-	10509	filter.monomorphic	scaffold219__3759__10509	G	T	601
602	scaffold219	3759	48	-	10527	filter.monomorphic	scaffold219__3759__10527	G	T	602
603	scaffold219	3759	41	-	10534	filter.monomorphic	scaffold219__3759__10534	A	G	603
604	scaffold219	3759	27	-	10548	filter.monomorphic	scaffold219__3759__10548	A	C	604
605	scaffold219	3759	13	-	10562	filter.monomorphic	scaffold219__3759__10562	G	T	605
606	scaffold219	3759	11	-	10564	filter.monomorphic	scaffold219__3759__10564	T	C	606
660	scaffold241	4350	56	-	649	filter.monomorphic	scaffold241__4350__649	T	C	660
776	scaffold286	5631	126	-	1335	filter.monomorphic	scaffold286__5631__1335	T	C	776
777	scaffold286	5631	111	-	1350	filter.monomorphic	scaffold286__5631__1350	T	A	777
778	scaffold286	5631	110	-	1351	filter.monomorphic	scaffold286__5631__1351	T	A	778
779	scaffold286	5631	99	-	1362	filter.monomorphic	scaffold286__5631__1362	T	C	779
780	scaffold286	5631	88	-	1373	filter.monomorphic	scaffold286__5631__1373	C	A	780
781	scaffold286	5631	61	-	1400	filter.monomorphic	scaffold286__5631__1400	T	C	781
782	scaffold286	5631	48	-	1413	filter.monomorphic	scaffold286__5631__1413	G	C	782
783	scaffold286	5631	44	-	1417	filter.monomorphic	scaffold286__5631__1417	T	A	783
784	scaffold286	5631	43	-	1418	filter.monomorphic	scaffold286__5631__1418	G	A	784
785	scaffold286	5631	33	-	1428	filter.monomorphic	scaffold286__5631__1428	T	C	785
786	scaffold286	5631	25	-	1436	filter.monomorphic	scaffold286__5631__1436	G	A	786
787	scaffold286	5631	14	-	1447	filter.monomorphic	scaffold286__5631__1447	T	C	787
842	scaffold296	6070	120	-	23091	filter.monomorphic	scaffold296__6070__23091	A	G	842
843	scaffold296	6070	105	-	23106	filter.monomorphic	scaffold296__6070__23106	T	A	843
844	scaffold296	6070	102	-	23109	filter.monomorphic	scaffold296__6070__23109	T	C	844
845	scaffold296	6070	84	-	23127	filter.monomorphic	scaffold296__6070__23127	A	C	845
846	scaffold296	6070	62	-	23149	filter.monomorphic	scaffold296__6070__23149	G	A	846
847	scaffold296	6070	52	-	23159	filter.monomorphic	scaffold296__6070__23159	G	C	847
848	scaffold296	6070	48	-	23163	filter.monomorphic	scaffold296__6070__23163	G	A	848
849	scaffold296	6070	28	-	23183	filter.monomorphic	scaffold296__6070__23183	G	A	849
851	scaffold296	6070	24	-	23187	filter.monomorphic	scaffold296__6070__23187	G	A	851
852	scaffold296	6070	5	-	23206	filter.monomorphic	scaffold296__6070__23206	G	A	852
860	scaffold296	6069	113	+	23321	filter.monomorphic	scaffold296__6069__23321	T	C	860
928	scaffold306	6695	9	+	73189	filter.monomorphic	scaffold306__6695__73189	C	T	928
929	scaffold306	6695	12	+	73192	filter.monomorphic	scaffold306__6695__73192	C	G	929
930	scaffold306	6695	13	+	73193	filter.monomorphic	scaffold306__6695__73193	A	G	930
931	scaffold306	6695	34	+	73214	filter.monomorphic	scaffold306__6695__73214	G	T	931
932	scaffold306	6695	48	+	73228	filter.monomorphic	scaffold306__6695__73228	C	T	932
933	scaffold306	6695	50	+	73230	filter.monomorphic	scaffold306__6695__73230	A	G	933
934	scaffold306	6695	65	+	73245	filter.monomorphic	scaffold306__6695__73245	A	C	934
935	scaffold306	6695	72	+	73252	filter.monomorphic	scaffold306__6695__73252	C	T	935
936	scaffold306	6695	75	+	73255	filter.monomorphic	scaffold306__6695__73255	C	T	936
937	scaffold306	6695	76	+	73256	filter.monomorphic	scaffold306__6695__73256	G	T	937
938	scaffold306	6695	77	+	73257	filter.monomorphic	scaffold306__6695__73257	G	T	938
939	scaffold306	6695	81	+	73261	filter.monomorphic	scaffold306__6695__73261	A	T	939
940	scaffold306	6695	85	+	73265	filter.monomorphic	scaffold306__6695__73265	C	T	940
941	scaffold306	6695	88	+	73268	filter.monomorphic	scaffold306__6695__73268	C	G	941
942	scaffold306	6695	102	+	73282	filter.monomorphic	scaffold306__6695__73282	A	G	942
965	C1425	6877	5	+	100	filter.monomorphic	C1425__6877__100	C	T	965
966	C1425	6877	17	+	112	filter.monomorphic	C1425__6877__112	C	T	966
970	C1593	6931	93	-	969	filter.monomorphic	C1593__6931__969	G	A	970
971	C1593	6931	81	-	981	filter.monomorphic	C1593__6931__981	C	A	971
972	C1593	6931	80	-	982	filter.monomorphic	C1593__6931__982	T	C	972
973	C1593	6931	51	-	1011	filter.monomorphic	C1593__6931__1011	T	G	973
1117	C3109	7714	97	-	2198	filter.monomorphic	C3109__7714__2198	T	C	1117
1118	C3109	7714	93	-	2202	filter.monomorphic	C3109__7714__2202	G	A	1118
1119	C3109	7714	60	-	2235	filter.monomorphic	C3109__7714__2235	T	C	1119
1120	C3109	7714	58	-	2237	filter.monomorphic	C3109__7714__2237	G	A	1120
1121	C3109	7714	55	-	2240	filter.monomorphic	C3109__7714__2240	T	A	1121
1122	C3109	7714	48	-	2247	filter.monomorphic	C3109__7714__2247	G	A	1122
1123	C3109	7714	41	-	2254	filter.monomorphic	C3109__7714__2254	T	C	1123
1124	C3109	7714	35	-	2260	filter.monomorphic	C3109__7714__2260	G	A	1124
1125	C3109	7714	8	-	2287	filter.monomorphic	C3109__7714__2287	G	A	1125
1131	C3135	7728	60	-	1732	filter.monomorphic	C3135__7728__1732	C	A	1131
1167	C3381	7932	138	-	2403	filter.monomorphic	C3381__7932__2403	T	A	1167
1184	C3407	7968	116	+	2407	filter.monomorphic	C3407__7968__2407	G	T	1184
1186	C3411	7975	41	+	2207	filter.monomorphic	C3411__7975__2207	G	T	1186
1187	C3411	7975	107	+	2273	filter.monomorphic	C3411__7975__2273	A	T	1187
1188	C3411	7975	108	+	2274	filter.monomorphic	C3411__7975__2274	A	T	1188
1266	C3797	8357	115	-	3565	filter.monomorphic	C3797__8357__3565	G	A	1266
1353	C4249	8864	98	+	2502	filter.monomorphic	C4249__8864__2502	T	G	1353
1485	C4887	9715	36	+	2877	filter.monomorphic	C4887__9715__2877	G	T	1485
1486	C4887	9715	41	+	2882	filter.monomorphic	C4887__9715__2882	G	T	1486
1487	C4887	9715	98	+	2939	filter.monomorphic	C4887__9715__2939	A	T	1487
1488	C4887	9715	100	+	2941	filter.monomorphic	C4887__9715__2941	A	G	1488
1489	C4887	9715	120	+	2961	filter.monomorphic	C4887__9715__2961	C	T	1489
1491	C4887	9715	127	+	2968	filter.monomorphic	C4887__9715__2968	C	G	1491
1554	C5139	10134	128	+	3335	filter.monomorphic	C5139__10134__3335	G	T	1554
1557	C5173	10192	91	+	360	filter.monomorphic	C5173__10192__360	T	C	1557
1588	C5289	10393	6	+	4481	filter.monomorphic	C5289__10393__4481	C	T	1588
1589	C5289	10393	11	+	4486	filter.monomorphic	C5289__10393__4486	A	C	1589
1590	C5289	10393	16	+	4491	filter.monomorphic	C5289__10393__4491	A	G	1590
1591	C5289	10393	23	+	4498	filter.monomorphic	C5289__10393__4498	C	T	1591
1592	C5289	10393	25	+	4500	filter.monomorphic	C5289__10393__4500	A	G	1592
1593	C5289	10393	39	+	4514	filter.monomorphic	C5289__10393__4514	A	G	1593
1594	C5289	10393	43	+	4518	filter.monomorphic	C5289__10393__4518	A	G	1594
1595	C5289	10393	50	+	4525	filter.monomorphic	C5289__10393__4525	C	G	1595
1603	C5321	10443	7	-	3903	filter.monomorphic	C5321__10443__3903	A	C	1603
1604	C5321	10447	137	-	6182	filter.monomorphic	C5321__10447__6182	G	C	1604
1605	C5321	10447	67	-	6252	filter.monomorphic	C5321__10447__6252	T	C	1605
1606	C5321	10447	47	-	6272	filter.monomorphic	C5321__10447__6272	G	A	1606
1677	C5677	11081	139	+	2366	filter.monomorphic	C5677__11081__2366	A	G	1677
1734	C5879	11475	116	-	2960	filter.monomorphic	C5879__11475__2960	A	T	1734
1735	C5879	11475	56	-	3020	filter.monomorphic	C5879__11475__3020	C	A	1735
1747	C5935	11628	121	-	4119	filter.monomorphic	C5935__11628__4119	A	G	1747
1748	C5935	11628	115	-	4125	filter.monomorphic	C5935__11628__4125	C	T	1748
1749	C5935	11628	113	-	4127	filter.monomorphic	C5935__11628__4127	A	G	1749
1750	C5935	11628	106	-	4134	filter.monomorphic	C5935__11628__4134	T	G	1750
1751	C5935	11628	70	-	4170	filter.monomorphic	C5935__11628__4170	A	G	1751
1752	C5935	11628	54	-	4186	filter.monomorphic	C5935__11628__4186	G	C	1752
1753	C5935	11628	31	-	4209	filter.monomorphic	C5935__11628__4209	G	A	1753
1754	C5935	11628	29	-	4211	filter.monomorphic	C5935__11628__4211	G	A	1754
1755	C5935	11628	15	-	4225	filter.monomorphic	C5935__11628__4225	T	C	1755
1756	C5935	11628	5	-	4235	filter.monomorphic	C5935__11628__4235	T	C	1756
1777	C5971	11706	99	-	853	filter.monomorphic	C5971__11706__853	T	G	1777
1778	C5971	11706	86	-	866	filter.monomorphic	C5971__11706__866	T	C	1778
1779	C5971	11706	44	-	908	filter.monomorphic	C5971__11706__908	T	A	1779
1780	C5971	11706	39	-	913	filter.monomorphic	C5971__11706__913	T	C	1780
1781	C5971	11706	14	-	938	filter.monomorphic	C5971__11706__938	G	C	1781
1782	C5971	11706	11	-	941	filter.monomorphic	C5971__11706__941	T	G	1782
1858	C6229	12235	49	+	5720	filter.monomorphic	C6229__12235__5720	C	G	1858
1889	C6259	12303	16	+	5089	filter.monomorphic	C6259__12303__5089	C	T	1889
1891	C6259	12303	23	+	5096	filter.monomorphic	C6259__12303__5096	A	G	1891
1892	C6259	12303	25	+	5098	filter.monomorphic	C6259__12303__5098	A	C	1892
1918	C6321	12431	10	+	5195	filter.monomorphic	C6321__12431__5195	G	A	1918
1919	C6321	12431	20	+	5205	filter.monomorphic	C6321__12431__5205	T	C	1919
1920	C6321	12431	35	+	5220	filter.monomorphic	C6321__12431__5220	G	T	1920
1921	C6321	12431	41	+	5226	filter.monomorphic	C6321__12431__5226	G	C	1921
1922	C6321	12431	45	+	5230	filter.monomorphic	C6321__12431__5230	G	A	1922
1923	C6321	12431	47	+	5232	filter.monomorphic	C6321__12431__5232	G	C	1923
1924	C6321	12431	99	+	5284	filter.monomorphic	C6321__12431__5284	G	A	1924
1954	C6395	12602	75	-	1449	filter.monomorphic	C6395__12602__1449	G	A	1954
1955	C6395	12602	74	-	1450	filter.monomorphic	C6395__12602__1450	G	A	1955
1956	C6395	12602	68	-	1456	filter.monomorphic	C6395__12602__1456	T	C	1956
1958	C6395	12602	29	-	1495	filter.monomorphic	C6395__12602__1495	T	C	1958
2000	C6521	12860	93	+	1155	filter.monomorphic	C6521__12860__1155	T	C	2000
2002	C6521	12860	122	+	1184	filter.monomorphic	C6521__12860__1184	A	C	2002
2003	C6521	12860	124	+	1186	filter.monomorphic	C6521__12860__1186	T	C	2003
2004	C6521	12860	126	+	1188	filter.monomorphic	C6521__12860__1188	G	C	2004
2005	C6521	12860	127	+	1189	filter.monomorphic	C6521__12860__1189	G	C	2005
2090	C6789	13503	128	+	4169	filter.monomorphic	C6789__13503__4169	C	G	2090
2122	C6915	13856	85	-	100	filter.monomorphic	C6915__13856__100	G	A	2122
2253	C7257	14838	27	-	2282	filter.monomorphic	C7257__14838__2282	T	C	2253
2254	C7257	14843	28	-	8201	filter.monomorphic	C7257__14843__8201	T	A	2254
2300	C7393	15295	20	-	4292	filter.monomorphic	C7393__15295__4292	T	C	2300
2301	C7393	15295	16	-	4296	filter.monomorphic	C7393__15295__4296	T	C	2301
2406	C7603	15938	88	-	2445	filter.monomorphic	C7603__15938__2445	T	C	2406
2408	C7603	15938	78	-	2455	filter.monomorphic	C7603__15938__2455	T	C	2408
2409	C7603	15938	47	-	2486	filter.monomorphic	C7603__15938__2486	T	G	2409
2410	C7603	15938	42	-	2491	filter.monomorphic	C7603__15938__2491	T	A	2410
2414	C7603	15937	20	+	2550	filter.monomorphic	C7603__15937__2550	C	T	2414
2415	C7603	15937	58	+	2588	filter.monomorphic	C7603__15937__2588	T	C	2415
2416	C7603	15937	89	+	2619	filter.monomorphic	C7603__15937__2619	A	G	2416
2417	C7603	15937	98	+	2628	filter.monomorphic	C7603__15937__2628	G	T	2417
2418	C7603	15937	105	+	2635	filter.monomorphic	C7603__15937__2635	A	G	2418
2419	C7603	15937	109	+	2639	filter.monomorphic	C7603__15937__2639	C	T	2419
2420	C7603	15937	114	+	2644	filter.monomorphic	C7603__15937__2644	A	C	2420
2426	C7609	15957	16	+	1141	filter.monomorphic	C7609__15957__1141	G	T	2426
2427	C7609	15957	26	+	1151	filter.monomorphic	C7609__15957__1151	G	T	2427
2428	C7609	15957	40	+	1165	filter.monomorphic	C7609__15957__1165	A	G	2428
2429	C7609	15957	52	+	1177	filter.monomorphic	C7609__15957__1177	C	T	2429
2430	C7609	15957	53	+	1178	filter.monomorphic	C7609__15957__1178	C	T	2430
2431	C7609	15957	55	+	1180	filter.monomorphic	C7609__15957__1180	C	T	2431
2432	C7609	15957	81	+	1206	filter.monomorphic	C7609__15957__1206	C	G	2432
2433	C7609	15957	85	+	1210	filter.monomorphic	C7609__15957__1210	A	G	2433
2434	C7609	15957	89	+	1214	filter.monomorphic	C7609__15957__1214	C	G	2434
2435	C7609	15957	95	+	1220	filter.monomorphic	C7609__15957__1220	A	G	2435
2514	C7775	16563	26	+	13250	filter.monomorphic	C7775__16563__13250	A	C	2514
2515	C7775	16563	31	+	13255	filter.monomorphic	C7775__16563__13255	C	T	2515
2516	C7775	16563	40	+	13264	filter.monomorphic	C7775__16563__13264	C	T	2516
2517	C7775	16563	41	+	13265	filter.monomorphic	C7775__16563__13265	G	T	2517
2518	C7775	16563	125	+	13349	filter.monomorphic	C7775__16563__13349	C	T	2518
2519	C7775	16563	129	+	13353	filter.monomorphic	C7775__16563__13353	C	T	2519
2520	C7775	16563	132	+	13356	filter.monomorphic	C7775__16563__13356	A	G	2520
2536	C7781	16590	137	-	1016	filter.monomorphic	C7781__16590__1016	G	C	2536
2537	C7783	16603	78	+	1478	filter.monomorphic	C7783__16603__1478	C	T	2537
2697	C8117	17904	138	-	5275	filter.monomorphic	C8117__17904__5275	T	G	2697
2799	C8209	18407	24	+	7756	filter.monomorphic	C8209__18407__7756	A	C	2799
2800	C8209	18407	27	+	7759	filter.monomorphic	C8209__18407__7759	A	C	2800
2801	C8209	18407	30	+	7762	filter.monomorphic	C8209__18407__7762	G	T	2801
2802	C8209	18407	51	+	7783	filter.monomorphic	C8209__18407__7783	C	T	2802
2803	C8209	18407	59	+	7791	filter.monomorphic	C8209__18407__7791	A	G	2803
2804	C8209	18407	89	+	7821	filter.monomorphic	C8209__18407__7821	C	T	2804
2805	C8209	18407	115	+	7847	filter.monomorphic	C8209__18407__7847	G	T	2805
2806	C8209	18407	119	+	7851	filter.monomorphic	C8209__18407__7851	C	T	2806
2807	C8209	18407	124	+	7856	filter.monomorphic	C8209__18407__7856	C	T	2807
2814	C8229	18535	6	+	9384	filter.monomorphic	C8229__18535__9384	G	T	2814
2815	C8229	18535	36	+	9414	filter.monomorphic	C8229__18535__9414	A	G	2815
2816	C8229	18535	51	+	9429	filter.monomorphic	C8229__18535__9429	A	T	2816
2817	C8229	18535	53	+	9431	filter.monomorphic	C8229__18535__9431	A	G	2817
2818	C8229	18535	65	+	9443	filter.monomorphic	C8229__18535__9443	C	T	2818
2819	C8229	18535	86	+	9464	filter.monomorphic	C8229__18535__9464	C	T	2819
2820	C8229	18535	88	+	9466	filter.monomorphic	C8229__18535__9466	A	T	2820
2821	C8229	18535	101	+	9479	filter.monomorphic	C8229__18535__9479	A	T	2821
2822	C8229	18535	102	+	9480	filter.monomorphic	C8229__18535__9480	A	G	2822
2823	C8229	18535	108	+	9486	filter.monomorphic	C8229__18535__9486	C	T	2823
2824	C8229	18535	117	+	9495	filter.monomorphic	C8229__18535__9495	C	T	2824
2843	C8267	18741	136	-	13955	filter.monomorphic	C8267__18741__13955	G	A	2843
2844	C8267	18741	79	-	14012	filter.monomorphic	C8267__18741__14012	T	C	2844
2845	C8267	18741	78	-	14013	filter.monomorphic	C8267__18741__14013	T	C	2845
2846	C8267	18741	60	-	14031	filter.monomorphic	C8267__18741__14031	T	A	2846
2847	C8267	18741	40	-	14051	filter.monomorphic	C8267__18741__14051	T	G	2847
2848	C8267	18741	38	-	14053	filter.monomorphic	C8267__18741__14053	T	C	2848
2849	C8267	18741	27	-	14064	filter.monomorphic	C8267__18741__14064	T	G	2849
2850	C8267	18741	15	-	14076	filter.monomorphic	C8267__18741__14076	G	C	2850
2877	C8311	18885	5	+	1346	filter.monomorphic	C8311__18885__1346	A	C	2877
2878	C8311	18885	7	+	1348	filter.monomorphic	C8311__18885__1348	C	T	2878
2879	C8311	18885	11	+	1352	filter.monomorphic	C8311__18885__1352	C	T	2879
2880	C8311	18885	16	+	1357	filter.monomorphic	C8311__18885__1357	C	G	2880
2881	C8311	18885	39	+	1380	filter.monomorphic	C8311__18885__1380	C	T	2881
2882	C8311	18885	44	+	1385	filter.monomorphic	C8311__18885__1385	A	G	2882
2883	C8311	18885	54	+	1395	filter.monomorphic	C8311__18885__1395	A	C	2883
2884	C8311	18885	63	+	1404	filter.monomorphic	C8311__18885__1404	C	T	2884
2885	C8311	18885	67	+	1408	filter.monomorphic	C8311__18885__1408	C	T	2885
2886	C8311	18885	72	+	1413	filter.monomorphic	C8311__18885__1413	A	C	2886
2887	C8311	18885	77	+	1418	filter.monomorphic	C8311__18885__1418	C	T	2887
2888	C8311	18885	95	+	1436	filter.monomorphic	C8311__18885__1436	C	T	2888
2889	C8311	18885	107	+	1448	filter.monomorphic	C8311__18885__1448	C	G	2889
2890	C8311	18885	112	+	1453	filter.monomorphic	C8311__18885__1453	A	G	2890
2891	C8311	18885	123	+	1464	filter.monomorphic	C8311__18885__1464	A	T	2891
2898	C8321	18926	76	-	3086	filter.monomorphic	C8321__18926__3086	C	T	2898
2900	C8321	18926	24	-	3138	filter.monomorphic	C8321__18926__3138	T	C	2900
2916	C8331	18985	65	-	2127	filter.monomorphic	C8331__18985__2127	T	C	2916
2917	C8331	18985	24	-	2168	filter.monomorphic	C8331__18985__2168	T	C	2917
2918	C8331	18985	15	-	2177	filter.monomorphic	C8331__18985__2177	C	A	2918
2975	C8377	19305	18	+	11415	filter.monomorphic	C8377__19305__11415	G	T	2975
2976	C8377	19305	64	+	11461	filter.monomorphic	C8377__19305__11461	C	T	2976
2978	C8377	19312	66	-	14436	filter.monomorphic	C8377__19312__14436	G	C	2978
3016	C8437	19591	90	-	7873	filter.monomorphic	C8437__19591__7873	T	G	3016
3022	C8443	19642	34	+	10935	filter.monomorphic	C8443__19642__10935	G	C	3022
3023	C8443	19642	45	+	10946	filter.monomorphic	C8443__19642__10946	C	T	3023
3024	C8443	19642	50	+	10951	filter.monomorphic	C8443__19642__10951	A	G	3024
3025	C8443	19642	79	+	10980	filter.monomorphic	C8443__19642__10980	A	G	3025
3026	C8443	19642	82	+	10983	filter.monomorphic	C8443__19642__10983	C	T	3026
3099	C8529	20150	11	+	17020	filter.monomorphic	C8529__20150__17020	T	A	3099
3100	C8529	20150	20	+	17029	filter.monomorphic	C8529__20150__17029	G	A	3100
3101	C8529	20150	28	+	17037	filter.monomorphic	C8529__20150__17037	T	A	3101
3102	C8529	20150	61	+	17070	filter.monomorphic	C8529__20150__17070	G	A	3102
3103	C8529	20150	62	+	17071	filter.monomorphic	C8529__20150__17071	C	A	3103
3104	C8529	20150	88	+	17097	filter.monomorphic	C8529__20150__17097	G	A	3104
3105	C8529	20150	91	+	17100	filter.monomorphic	C8529__20150__17100	G	A	3105
3106	C8529	20150	104	+	17113	filter.monomorphic	C8529__20150__17113	G	C	3106
3107	C8529	20150	106	+	17115	filter.monomorphic	C8529__20150__17115	G	C	3107
3108	C8529	20150	112	+	17121	filter.monomorphic	C8529__20150__17121	T	A	3108
3109	C8529	20150	117	+	17126	filter.monomorphic	C8529__20150__17126	T	C	3109
3110	C8529	20150	125	+	17134	filter.monomorphic	C8529__20150__17134	G	A	3110
3112	C8531	20170	81	-	17940	filter.monomorphic	C8531__20170__17940	T	A	3112
3146	C8593	20468	95	-	11828	filter.monomorphic	C8593__20468__11828	A	T	3146
3147	C8593	20468	68	-	11855	filter.monomorphic	C8593__20468__11855	A	C	3147
3151	C8593	20468	49	-	11874	filter.monomorphic	C8593__20468__11874	A	G	3151
3152	C8593	20468	48	-	11875	filter.monomorphic	C8593__20468__11875	T	A	3152
3153	C8593	20468	45	-	11878	filter.monomorphic	C8593__20468__11878	T	A	3153
3155	C8593	20468	5	-	11918	filter.monomorphic	C8593__20468__11918	C	T	3155
3206	C8697	21028	18	+	3356	filter.monomorphic	C8697__21028__3356	A	T	3206
3207	C8697	21028	29	+	3367	filter.monomorphic	C8697__21028__3367	A	G	3207
3208	C8697	21028	40	+	3378	filter.monomorphic	C8697__21028__3378	A	C	3208
3209	C8697	21028	69	+	3407	filter.monomorphic	C8697__21028__3407	C	T	3209
3210	C8697	21028	87	+	3425	filter.monomorphic	C8697__21028__3425	A	G	3210
3211	C8697	21028	108	+	3446	filter.monomorphic	C8697__21028__3446	C	T	3211
3212	C8697	21028	109	+	3447	filter.monomorphic	C8697__21028__3447	A	T	3212
3213	C8697	21028	115	+	3453	filter.monomorphic	C8697__21028__3453	C	T	3213
3214	C8697	21028	124	+	3462	filter.monomorphic	C8697__21028__3462	C	T	3214
3215	C8697	21028	134	+	3472	filter.monomorphic	C8697__21028__3472	C	T	3215
3227	C8717	21159	98	-	9612	filter.monomorphic	C8717__21159__9612	T	G	3227
3239	C8725	21206	9	+	2922	filter.monomorphic	C8725__21206__2922	C	G	3239
3240	C8725	21206	10	+	2923	filter.monomorphic	C8725__21206__2923	A	C	3240
3241	C8725	21206	53	+	2966	filter.monomorphic	C8725__21206__2966	C	T	3241
3242	C8725	21206	65	+	2978	filter.monomorphic	C8725__21206__2978	C	T	3242
3244	C8725	21206	82	+	2995	filter.monomorphic	C8725__21206__2995	A	G	3244
3245	C8725	21206	103	+	3016	filter.monomorphic	C8725__21206__3016	C	T	3245
3246	C8725	21206	130	+	3043	filter.monomorphic	C8725__21206__3043	G	T	3246
3276	C8785	21476	117	-	6720	filter.monomorphic	C8785__21476__6720	T	C	3276
3277	C8785	21476	112	-	6725	filter.monomorphic	C8785__21476__6725	T	C	3277
3278	C8785	21476	107	-	6730	filter.monomorphic	C8785__21476__6730	T	A	3278
3279	C8785	21476	95	-	6742	filter.monomorphic	C8785__21476__6742	T	C	3279
3280	C8785	21476	81	-	6756	filter.monomorphic	C8785__21476__6756	G	A	3280
3281	C8785	21476	71	-	6766	filter.monomorphic	C8785__21476__6766	G	A	3281
3282	C8785	21476	63	-	6774	filter.monomorphic	C8785__21476__6774	G	A	3282
3283	C8785	21476	60	-	6777	filter.monomorphic	C8785__21476__6777	G	A	3283
3284	C8785	21476	55	-	6782	filter.monomorphic	C8785__21476__6782	C	A	3284
3285	C8785	21476	37	-	6800	filter.monomorphic	C8785__21476__6800	T	C	3285
3286	C8785	21476	34	-	6803	filter.monomorphic	C8785__21476__6803	T	G	3286
3287	C8785	21476	31	-	6806	filter.monomorphic	C8785__21476__6806	C	A	3287
3290	C8785	21511	15	+	19472	filter.monomorphic	C8785__21511__19472	G	C	3290
3291	C8785	21511	18	+	19475	filter.monomorphic	C8785__21511__19475	T	C	3291
3292	C8785	21511	39	+	19496	filter.monomorphic	C8785__21511__19496	G	A	3292
3293	C8785	21511	62	+	19519	filter.monomorphic	C8785__21511__19519	T	C	3293
3294	C8785	21511	92	+	19549	filter.monomorphic	C8785__21511__19549	T	A	3294
3295	C8785	21511	96	+	19553	filter.monomorphic	C8785__21511__19553	G	A	3295
3364	C8849	21918	111	-	13456	filter.monomorphic	C8849__21918__13456	T	A	3364
3365	C8849	21918	89	-	13478	filter.monomorphic	C8849__21918__13478	G	A	3365
3366	C8849	21918	67	-	13500	filter.monomorphic	C8849__21918__13500	T	A	3366
3367	C8849	21918	61	-	13506	filter.monomorphic	C8849__21918__13506	T	C	3367
3368	C8849	21918	50	-	13517	filter.monomorphic	C8849__21918__13517	G	A	3368
3369	C8849	21918	47	-	13520	filter.monomorphic	C8849__21918__13520	T	C	3369
3370	C8849	21918	38	-	13529	filter.monomorphic	C8849__21918__13529	T	A	3370
3371	C8849	21918	34	-	13533	filter.monomorphic	C8849__21918__13533	G	A	3371
3372	C8849	21918	33	-	13534	filter.monomorphic	C8849__21918__13534	T	C	3372
3373	C8849	21918	32	-	13535	filter.monomorphic	C8849__21918__13535	T	C	3373
3374	C8849	21918	18	-	13549	filter.monomorphic	C8849__21918__13549	G	A	3374
3375	C8849	21918	15	-	13552	filter.monomorphic	C8849__21918__13552	A	G	3375
3379	C8851	21943	18	+	12451	filter.monomorphic	C8851__21943__12451	T	C	3379
3380	C8851	21943	20	+	12453	filter.monomorphic	C8851__21943__12453	T	C	3380
3381	C8851	21943	30	+	12463	filter.monomorphic	C8851__21943__12463	C	T	3381
3382	C8851	21943	35	+	12468	filter.monomorphic	C8851__21943__12468	T	C	3382
3383	C8851	21943	40	+	12473	filter.monomorphic	C8851__21943__12473	A	G	3383
3384	C8851	21943	57	+	12490	filter.monomorphic	C8851__21943__12490	C	G	3384
3385	C8851	21943	65	+	12498	filter.monomorphic	C8851__21943__12498	T	C	3385
3386	C8851	21943	72	+	12505	filter.monomorphic	C8851__21943__12505	C	T	3386
3443	C8897	22188	102	-	3797	filter.monomorphic	C8897__22188__3797	T	G	3443
3445	C8897	22187	44	+	3940	filter.monomorphic	C8897__22187__3940	T	A	3445
3600	C9043	23048	25	+	1738	filter.monomorphic	C9043__23048__1738	A	T	3600
3601	C9043	23048	41	+	1754	filter.monomorphic	C9043__23048__1754	A	G	3601
3602	C9043	23048	48	+	1761	filter.monomorphic	C9043__23048__1761	C	G	3602
3603	C9043	23048	49	+	1762	filter.monomorphic	C9043__23048__1762	A	G	3603
3604	C9043	23048	53	+	1766	filter.monomorphic	C9043__23048__1766	C	T	3604
3605	C9043	23048	62	+	1775	filter.monomorphic	C9043__23048__1775	C	G	3605
3606	C9043	23048	65	+	1778	filter.monomorphic	C9043__23048__1778	C	G	3606
3607	C9043	23048	70	+	1783	filter.monomorphic	C9043__23048__1783	A	G	3607
3608	C9043	23048	71	+	1784	filter.monomorphic	C9043__23048__1784	A	G	3608
3609	C9043	23048	89	+	1802	filter.monomorphic	C9043__23048__1802	A	G	3609
3610	C9043	23048	105	+	1818	filter.monomorphic	C9043__23048__1818	A	G	3610
3611	C9043	23048	109	+	1822	filter.monomorphic	C9043__23048__1822	G	T	3611
3612	C9043	23048	110	+	1823	filter.monomorphic	C9043__23048__1823	A	T	3612
3614	C9043	23048	117	+	1830	filter.monomorphic	C9043__23048__1830	G	T	3614
3615	C9043	23048	120	+	1833	filter.monomorphic	C9043__23048__1833	G	T	3615
3616	C9043	23048	129	+	1842	filter.monomorphic	C9043__23048__1842	A	C	3616
3617	C9043	23048	135	+	1848	filter.monomorphic	C9043__23048__1848	A	G	3617
3622	C9045	23064	76	-	9626	filter.monomorphic	C9045__23064__9626	C	A	3622
3676	C9095	23428	109	-	21790	filter.monomorphic	C9095__23428__21790	T	C	3676
3677	C9095	23428	74	-	21825	filter.monomorphic	C9095__23428__21825	T	C	3677
3678	C9095	23428	65	-	21834	filter.monomorphic	C9095__23428__21834	A	G	3678
3704	C9111	23568	69	-	23712	filter.monomorphic	C9111__23568__23712	C	A	3704
3759	C9169	23957	129	+	12045	filter.monomorphic	C9169__23957__12045	G	T	3759
3774	C9183	24052	119	+	8350	filter.monomorphic	C9183__24052__8350	A	G	3774
3808	C9215	24389	20	-	7696	filter.monomorphic	C9215__24389__7696	T	G	3808
3831	C9235	24552	9	+	7985	filter.monomorphic	C9235__24552__7985	C	T	3831
3832	C9235	24552	17	+	7993	filter.monomorphic	C9235__24552__7993	C	T	3832
3833	C9235	24552	36	+	8012	filter.monomorphic	C9235__24552__8012	C	G	3833
3834	C9235	24552	47	+	8023	filter.monomorphic	C9235__24552__8023	C	T	3834
3835	C9235	24552	54	+	8030	filter.monomorphic	C9235__24552__8030	C	T	3835
3836	C9235	24552	55	+	8031	filter.monomorphic	C9235__24552__8031	A	T	3836
3837	C9235	24552	62	+	8038	filter.monomorphic	C9235__24552__8038	A	G	3837
3838	C9235	24552	65	+	8041	filter.monomorphic	C9235__24552__8041	A	G	3838
3839	C9235	24552	71	+	8047	filter.monomorphic	C9235__24552__8047	C	T	3839
3840	C9235	24552	83	+	8059	filter.monomorphic	C9235__24552__8059	C	T	3840
3841	C9235	24552	85	+	8061	filter.monomorphic	C9235__24552__8061	A	G	3841
3842	C9235	24552	86	+	8062	filter.monomorphic	C9235__24552__8062	C	T	3842
3843	C9235	24552	122	+	8098	filter.monomorphic	C9235__24552__8098	C	T	3843
3845	C9235	24552	137	+	8113	filter.monomorphic	C9235__24552__8113	C	T	3845
3884	C9279	24925	24	+	27068	filter.monomorphic	C9279__24925__27068	A	G	3884
3885	C9279	24925	27	+	27071	filter.monomorphic	C9279__24925__27071	C	T	3885
3886	C9279	24925	41	+	27085	filter.monomorphic	C9279__24925__27085	A	G	3886
3887	C9279	24925	44	+	27088	filter.monomorphic	C9279__24925__27088	G	T	3887
3888	C9279	24925	47	+	27091	filter.monomorphic	C9279__24925__27091	C	G	3888
3889	C9279	24925	52	+	27096	filter.monomorphic	C9279__24925__27096	A	T	3889
3890	C9279	24925	65	+	27109	filter.monomorphic	C9279__24925__27109	A	G	3890
3891	C9279	24925	66	+	27110	filter.monomorphic	C9279__24925__27110	A	G	3891
3892	C9279	24925	74	+	27118	filter.monomorphic	C9279__24925__27118	C	T	3892
3893	C9279	24925	79	+	27123	filter.monomorphic	C9279__24925__27123	C	T	3893
3894	C9279	24925	95	+	27139	filter.monomorphic	C9279__24925__27139	A	G	3894
3895	C9279	24925	107	+	27151	filter.monomorphic	C9279__24925__27151	C	G	3895
3896	C9279	24925	130	+	27174	filter.monomorphic	C9279__24925__27174	A	C	3896
3897	C9279	24925	136	+	27180	filter.monomorphic	C9279__24925__27180	A	G	3897
3907	C9285	24970	112	-	26721	filter.monomorphic	C9285__24970__26721	T	C	3907
3908	C9285	24970	86	-	26747	filter.monomorphic	C9285__24970__26747	T	A	3908
3910	C9285	24970	56	-	26777	filter.monomorphic	C9285__24970__26777	T	C	3910
3911	C9285	24970	30	-	26803	filter.monomorphic	C9285__24970__26803	G	A	3911
3912	C9285	24970	25	-	26808	filter.monomorphic	C9285__24970__26808	A	C	3912
4004	C9363	25685	130	-	14660	filter.monomorphic	C9363__25685__14660	G	C	4004
4008	C9363	25685	86	-	14704	filter.monomorphic	C9363__25685__14704	T	C	4008
4009	C9363	25685	84	-	14706	filter.monomorphic	C9363__25685__14706	T	C	4009
4010	C9363	25685	76	-	14714	filter.monomorphic	C9363__25685__14714	G	C	4010
4011	C9363	25685	66	-	14724	filter.monomorphic	C9363__25685__14724	C	A	4011
4012	C9363	25685	39	-	14751	filter.monomorphic	C9363__25685__14751	T	G	4012
4013	C9363	25685	35	-	14755	filter.monomorphic	C9363__25685__14755	T	C	4013
4014	C9363	25685	24	-	14766	filter.monomorphic	C9363__25685__14766	T	C	4014
4015	C9363	25685	23	-	14767	filter.monomorphic	C9363__25685__14767	G	A	4015
4051	C9393	25952	78	-	14923	filter.monomorphic	C9393__25952__14923	T	G	4051
4054	C9395	25984	126	-	22453	filter.monomorphic	C9395__25984__22453	C	T	4054
4055	C9395	25984	100	-	22479	filter.monomorphic	C9395__25984__22479	C	G	4055
4056	C9395	25984	97	-	22482	filter.monomorphic	C9395__25984__22482	A	G	4056
4057	C9395	25984	91	-	22488	filter.monomorphic	C9395__25984__22488	A	G	4057
4058	C9395	25984	85	-	22494	filter.monomorphic	C9395__25984__22494	A	G	4058
4059	C9395	25984	83	-	22496	filter.monomorphic	C9395__25984__22496	A	G	4059
4060	C9395	25984	81	-	22498	filter.monomorphic	C9395__25984__22498	C	T	4060
4061	C9395	25984	69	-	22510	filter.monomorphic	C9395__25984__22510	A	G	4061
4062	C9395	25984	68	-	22511	filter.monomorphic	C9395__25984__22511	T	G	4062
4063	C9395	25984	61	-	22518	filter.monomorphic	C9395__25984__22518	G	C	4063
4064	C9395	25984	60	-	22519	filter.monomorphic	C9395__25984__22519	A	G	4064
4065	C9395	25984	45	-	22534	filter.monomorphic	C9395__25984__22534	A	C	4065
4066	C9395	25984	44	-	22535	filter.monomorphic	C9395__25984__22535	G	T	4066
4067	C9395	25984	31	-	22548	filter.monomorphic	C9395__25984__22548	A	G	4067
4068	C9395	25984	22	-	22557	filter.monomorphic	C9395__25984__22557	A	G	4068
4069	C9395	25984	14	-	22565	filter.monomorphic	C9395__25984__22565	G	A	4069
4210	C9489	26875	114	-	3315	filter.monomorphic	C9489__26875__3315	T	G	4210
4211	C9489	26875	34	-	3395	filter.monomorphic	C9489__26875__3395	G	C	4211
4261	C9517	27106	124	-	22738	filter.monomorphic	C9517__27106__22738	T	C	4261
4262	C9517	27106	102	-	22760	filter.monomorphic	C9517__27106__22760	T	G	4262
4263	C9517	27106	58	-	22804	filter.monomorphic	C9517__27106__22804	G	A	4263
4397	C9601	27993	10	+	18893	filter.monomorphic	C9601__27993__18893	A	G	4397
4398	C9601	27993	12	+	18895	filter.monomorphic	C9601__27993__18895	A	T	4398
4399	C9601	27993	21	+	18904	filter.monomorphic	C9601__27993__18904	G	T	4399
4400	C9601	27993	38	+	18921	filter.monomorphic	C9601__27993__18921	C	T	4400
4401	C9601	27993	46	+	18929	filter.monomorphic	C9601__27993__18929	C	T	4401
4402	C9601	27993	53	+	18936	filter.monomorphic	C9601__27993__18936	A	G	4402
4403	C9601	27993	65	+	18948	filter.monomorphic	C9601__27993__18948	A	G	4403
4404	C9601	27993	67	+	18950	filter.monomorphic	C9601__27993__18950	C	T	4404
4405	C9601	27993	72	+	18955	filter.monomorphic	C9601__27993__18955	A	G	4405
4406	C9601	27993	92	+	18975	filter.monomorphic	C9601__27993__18975	C	T	4406
4407	C9601	27993	94	+	18977	filter.monomorphic	C9601__27993__18977	C	T	4407
4408	C9601	27993	103	+	18986	filter.monomorphic	C9601__27993__18986	A	G	4408
4409	C9601	27993	105	+	18988	filter.monomorphic	C9601__27993__18988	G	T	4409
4410	C9601	27993	115	+	18998	filter.monomorphic	C9601__27993__18998	A	G	4410
4411	C9601	27993	116	+	18999	filter.monomorphic	C9601__27993__18999	G	T	4411
4412	C9601	27993	135	+	19018	filter.monomorphic	C9601__27993__19018	C	T	4412
4443	C9615	28198	25	+	23259	filter.monomorphic	C9615__28198__23259	A	G	4443
4450	C9615	28198	129	+	23363	filter.monomorphic	C9615__28198__23363	A	G	4450
4512	C9661	28721	71	-	36004	filter.monomorphic	C9661__28721__36004	T	A	4512
4513	C9661	28721	56	-	36019	filter.monomorphic	C9661__28721__36019	T	C	4513
4514	C9661	28721	20	-	36055	filter.monomorphic	C9661__28721__36055	G	A	4514
4526	C9667	28815	117	-	16917	filter.monomorphic	C9667__28815__16917	C	A	4526
4559	C9675	28931	144	+	40487	filter.monomorphic	C9675__28931__40487	C	T	4559
4635	C9729	29670	94	-	16790	filter.monomorphic	C9729__29670__16790	G	C	4635
4653	C9729	29687	66	-	25266	filter.monomorphic	C9729__29687__25266	T	C	4653
4724	C9765	30207	115	+	24444	filter.monomorphic	C9765__30207__24444	G	T	4724
4725	C9765	30207	118	+	24447	filter.monomorphic	C9765__30207__24447	A	G	4725
4726	C9765	30207	121	+	24450	filter.monomorphic	C9765__30207__24450	A	G	4726
4727	C9765	30207	128	+	24457	filter.monomorphic	C9765__30207__24457	A	G	4727
4800	C9805	30773	111	-	8957	filter.monomorphic	C9805__30773__8957	G	C	4800
4801	C9805	30773	38	-	9030	filter.monomorphic	C9805__30773__9030	T	C	4801
4850	C9841	31338	11	+	6225	filter.monomorphic	C9841__31338__6225	A	G	4850
4851	C9841	31338	15	+	6229	filter.monomorphic	C9841__31338__6229	A	C	4851
4852	C9841	31338	20	+	6234	filter.monomorphic	C9841__31338__6234	C	T	4852
4853	C9841	31338	58	+	6272	filter.monomorphic	C9841__31338__6272	C	T	4853
4854	C9841	31338	64	+	6278	filter.monomorphic	C9841__31338__6278	C	T	4854
4855	C9841	31338	90	+	6304	filter.monomorphic	C9841__31338__6304	A	C	4855
4856	C9841	31338	94	+	6308	filter.monomorphic	C9841__31338__6308	A	T	4856
4857	C9841	31338	118	+	6332	filter.monomorphic	C9841__31338__6332	G	T	4857
4858	C9841	31338	129	+	6343	filter.monomorphic	C9841__31338__6343	A	G	4858
4859	C9841	31338	132	+	6346	filter.monomorphic	C9841__31338__6346	A	C	4859
4927	C9867	31799	7	+	49030	filter.monomorphic	C9867__31799__49030	A	G	4927
4928	C9867	31799	10	+	49033	filter.monomorphic	C9867__31799__49033	A	G	4928
4929	C9867	31799	14	+	49037	filter.monomorphic	C9867__31799__49037	C	T	4929
4930	C9867	31799	15	+	49038	filter.monomorphic	C9867__31799__49038	A	T	4930
4931	C9867	31799	28	+	49051	filter.monomorphic	C9867__31799__49051	C	G	4931
4932	C9867	31799	33	+	49056	filter.monomorphic	C9867__31799__49056	G	T	4932
4933	C9867	31799	38	+	49061	filter.monomorphic	C9867__31799__49061	A	T	4933
4934	C9867	31799	50	+	49073	filter.monomorphic	C9867__31799__49073	A	G	4934
4935	C9867	31799	98	+	49121	filter.monomorphic	C9867__31799__49121	A	T	4935
4936	C9867	31799	103	+	49126	filter.monomorphic	C9867__31799__49126	C	T	4936
4937	C9867	31799	122	+	49145	filter.monomorphic	C9867__31799__49145	A	G	4937
4982	C9881	31997	84	-	25580	filter.monomorphic	C9881__31997__25580	G	C	4982
4983	C9881	31997	69	-	25595	filter.monomorphic	C9881__31997__25595	G	A	4983
4984	C9881	31997	25	-	25639	filter.monomorphic	C9881__31997__25639	T	C	4984
5001	C9909	32232	7	+	10498	filter.monomorphic	C9909__32232__10498	C	G	5001
5002	C9909	32232	8	+	10499	filter.monomorphic	C9909__32232__10499	A	G	5002
5003	C9909	32232	12	+	10503	filter.monomorphic	C9909__32232__10503	A	G	5003
5006	C9909	32232	72	+	10563	filter.monomorphic	C9909__32232__10563	A	G	5006
5007	C9909	32232	105	+	10596	filter.monomorphic	C9909__32232__10596	C	T	5007
5008	C9909	32232	110	+	10601	filter.monomorphic	C9909__32232__10601	A	G	5008
5086	C9923	32542	98	+	31192	filter.monomorphic	C9923__32542__31192	A	G	5086
5087	C9923	32542	107	+	31201	filter.monomorphic	C9923__32542__31201	G	T	5087
5089	C9923	32542	135	+	31229	filter.monomorphic	C9923__32542__31229	C	T	5089
5128	C9939	32837	77	-	200	filter.monomorphic	C9939__32837__200	T	G	5128
5129	C9939	32837	53	-	224	filter.monomorphic	C9939__32837__224	C	A	5129
5130	C9939	32837	46	-	231	filter.monomorphic	C9939__32837__231	T	C	5130
5142	C9941	32929	11	-	43785	filter.monomorphic	C9941__32929__43785	C	A	5142
5170	C9951	33124	59	+	4473	filter.monomorphic	C9951__33124__4473	G	T	5170
5224	C9965	33519	101	-	67840	filter.monomorphic	C9965__33519__67840	C	A	5224
5257	C9979	33753	131	-	4869	filter.monomorphic	C9979__33753__4869	C	A	5257
5344	C10021	34418	29	-	34329	filter.monomorphic	C10021__34418__34329	T	G	5344
5345	C10021	34418	6	-	34352	filter.monomorphic	C10021__34418__34352	T	C	5345
5418	C10035	34942	122	-	68442	filter.monomorphic	C10035__34942__68442	G	A	5418
5419	C10035	34942	110	-	68454	filter.monomorphic	C10035__34942__68454	T	C	5419
5420	C10035	34942	94	-	68470	filter.monomorphic	C10035__34942__68470	G	A	5420
5421	C10035	34942	90	-	68474	filter.monomorphic	C10035__34942__68474	G	A	5421
5422	C10035	34942	66	-	68498	filter.monomorphic	C10035__34942__68498	T	A	5422
5423	C10035	34942	64	-	68500	filter.monomorphic	C10035__34942__68500	G	A	5423
5424	C10035	34942	63	-	68501	filter.monomorphic	C10035__34942__68501	T	C	5424
5425	C10035	34942	58	-	68506	filter.monomorphic	C10035__34942__68506	T	C	5425
5426	C10035	34942	57	-	68507	filter.monomorphic	C10035__34942__68507	C	A	5426
5427	C10035	34942	56	-	68508	filter.monomorphic	C10035__34942__68508	T	A	5427
5428	C10035	34942	48	-	68516	filter.monomorphic	C10035__34942__68516	G	C	5428
5429	C10035	34942	45	-	68519	filter.monomorphic	C10035__34942__68519	T	C	5429
5430	C10035	34942	37	-	68527	filter.monomorphic	C10035__34942__68527	T	C	5430
5431	C10035	34942	30	-	68534	filter.monomorphic	C10035__34942__68534	C	A	5431
5432	C10035	34942	24	-	68540	filter.monomorphic	C10035__34942__68540	T	C	5432
5540	C10073	35749	24	+	50434	filter.monomorphic	C10073__35749__50434	A	T	5540
5541	C10073	35749	51	+	50461	filter.monomorphic	C10073__35749__50461	A	C	5541
5542	C10073	35749	59	+	50469	filter.monomorphic	C10073__35749__50469	C	G	5542
5619	C10101	36445	6	+	53905	filter.monomorphic	C10101__36445__53905	G	T	5619
5620	C10101	36445	10	+	53909	filter.monomorphic	C10101__36445__53909	A	C	5620
5621	C10101	36445	41	+	53940	filter.monomorphic	C10101__36445__53940	A	G	5621
5622	C10101	36445	63	+	53962	filter.monomorphic	C10101__36445__53962	A	G	5622
5625	C10101	36445	84	+	53983	filter.monomorphic	C10101__36445__53983	A	G	5625
5626	C10101	36445	95	+	53994	filter.monomorphic	C10101__36445__53994	G	T	5626
5721	C10117	36876	23	+	7938	filter.monomorphic	C10117__36876__7938	C	T	5721
5722	C10117	36876	38	+	7953	filter.monomorphic	C10117__36876__7953	A	T	5722
5723	C10117	36876	55	+	7970	filter.monomorphic	C10117__36876__7970	A	G	5723
5724	C10117	36876	59	+	7974	filter.monomorphic	C10117__36876__7974	A	T	5724
5858	C10145	37854	125	+	41985	filter.monomorphic	C10145__37854__41985	C	G	5858
5892	C10151	38147	112	+	11476	filter.monomorphic	C10151__38147__11476	A	C	5892
